LCIA method,LCIA category
AWARE,2e0e479e-6ea7-3221-88ea-41aa6530c5d2
BEES+,077620f4-b37c-361f-b873-090e6b2dacbd
BEES+,0b65bca5-b93c-3231-8cb7-251dd07dc7e4
BEES+,0c6bbea0-170f-3ff4-9780-45139d0f5883
BEES+,3ad074dd-9970-35bd-9a64-679b151b4d63
BEES+,4ac6c32d-e63a-378e-be67-1f0f7f474d09
BEES+,5607c0e9-417e-3cc4-8529-2d4dfda25e82
BEES+,849a02bc-cdab-3ab4-b9a1-e70c8b4614cb
BEES+,8888a9ff-6ab1-3696-9832-a00fbe420ba0
BEES+,99ed6201-5759-315b-b42e-d189feb8f562
BEES+,9dab4ab4-3696-39ad-ab1a-527600c29cb4
BEES+,9edd1ed0-2a89-3747-8456-474ac409aa1f
BEES+,c9bd3b2b-a4d3-383a-83e8-8d5ee29cab9d
BEES+,f4cb202c-cdad-3b35-bd3e-a7ff88d57f1f
Berger et al 2014 (Water Scarcity),f9e85ee6-1163-3d02-9158-1564276613e5
Boulay et al 2011 (Human Health),379b6af4-10b2-3313-924f-c95dada6cc33
Boulay et al 2011 (Human Health),d54f4770-5fb3-3acf-80dd-09b2acb6d4ed
Boulay et al 2011 (Water Scarcity),0e2130aa-4c10-3fb7-b746-e47b0da55625
CML-IA baseline,1d718284-11cd-338b-8fa2-dca155579f9d
CML-IA baseline,3a7921c8-147c-39e4-96c8-08e7e72a0d47
CML-IA baseline,44c2d0e0-0745-3f3e-bffb-bfaea092e3c4
CML-IA baseline,4b4ead48-6399-327e-9739-5321ce805c7b
CML-IA baseline,4c93a806-0b15-3a3b-bb1c-a2efb81dc86e
CML-IA baseline,5008587e-8d72-3402-80df-68e20d636b51
CML-IA baseline,6f3b47a9-7d7b-3a96-b8c3-91139ae57f56
CML-IA baseline,73a47a0e-d1bf-302e-9ccb-5acd886512e3
CML-IA baseline,a30f30eb-d5ff-3051-80f2-2f789db52886
CML-IA baseline,acb12462-2f82-3a72-8ee4-ffb7ff5a47ad
CML-IA baseline,d098dc03-4caa-3c76-84df-bdd28659d40f
CML-IA non-baseline,038e1428-124d-3ebd-a2a4-80796ba7b083
CML-IA non-baseline,0485279f-397e-3f34-8679-d1c42235f890
CML-IA non-baseline,0bea16eb-4460-3577-ba6d-dc0e7ad94f89
CML-IA non-baseline,136de7e5-9df3-3042-9cb7-c29a555dd5b4
CML-IA non-baseline,14115d11-89ed-3c11-9383-8b86785c9a1d
CML-IA non-baseline,28a3f2de-943b-3808-b3b8-2de1e23e58d5
CML-IA non-baseline,315b12c8-458b-360e-9e68-2a1c645d7183
CML-IA non-baseline,31c05950-42f9-341b-9772-aca9ca89590b
CML-IA non-baseline,389c9544-e4be-3c8e-bb52-7a3c9de6344c
CML-IA non-baseline,3de1e36e-3cc3-3eea-9ab5-e2814d2bee70
CML-IA non-baseline,41576d69-2a56-33bd-a568-c678d850cd7d
CML-IA non-baseline,428548e5-7358-3604-9deb-81af8f917f4b
CML-IA non-baseline,45a1d5ed-3a11-367b-8481-fa1454e44a5e
CML-IA non-baseline,470968d9-813c-32af-9675-6b554ecee614
CML-IA non-baseline,49e6b756-2603-3c01-a5b6-c8271bfa713a
CML-IA non-baseline,53f7be3f-ec33-35e3-89ca-13c3fb1096ab
CML-IA non-baseline,6d819d27-b768-3ec0-bd28-009891e0e620
CML-IA non-baseline,756d07c7-d0ea-3a0b-a4f0-e7dfb1c02bf1
CML-IA non-baseline,774e0ae8-f6b2-3d34-9b9f-39bc605bf283
CML-IA non-baseline,7a914e6b-7c5a-316c-aab4-333c674ef723
CML-IA non-baseline,7abb5095-b896-34b2-84fa-e859bcc03a90
CML-IA non-baseline,7c8de615-1806-3abd-9551-357803c9690f
CML-IA non-baseline,7da22b63-a6d3-32db-84be-a4d505895213
CML-IA non-baseline,7e2ed9cf-17ee-3182-96db-35a5cce3fd3a
CML-IA non-baseline,7e62b926-ef36-3ede-b309-b4632ea60c17
CML-IA non-baseline,85c4b65b-1fa8-3726-96e9-d0750dd5d415
CML-IA non-baseline,8772aabd-7b70-3a5c-816a-566541f2425f
CML-IA non-baseline,8d7dbf49-cfa2-3695-ba7e-982a02ee1da7
CML-IA non-baseline,972ac2fd-9e07-3188-b4a1-6ee212c23cf1
CML-IA non-baseline,97a690cc-072b-3f5d-91da-4d78fd3cf0e6
CML-IA non-baseline,9a8c684a-2c1c-3123-a16f-ffcd545627fd
CML-IA non-baseline,9b283778-ca59-3c9f-93d9-157c3db028db
CML-IA non-baseline,9b45a6d1-ce2f-31ff-bf91-7284a429e4e5
CML-IA non-baseline,9d06dc38-c004-326a-913b-14cbe5d63e8a
CML-IA non-baseline,a1aeebdf-8d98-3990-9ad3-7c7e20e68c2c
CML-IA non-baseline,a3eafba2-4999-31ff-b2d3-a312b625eac1
CML-IA non-baseline,a54645e7-71cc-3222-ac63-62a5de5d3f27
CML-IA non-baseline,b2853e97-d39c-3c99-a681-044a3fba23c3
CML-IA non-baseline,c3633f7c-c771-3ce6-b057-8cc3f060d195
CML-IA non-baseline,c919fc2a-fc0c-3a23-8029-fe2044e6ca9b
CML-IA non-baseline,ca6152cb-a28a-3046-b858-dbdf67c7cb8d
CML-IA non-baseline,d1182b60-6721-3b9c-8d06-86e96cbf5b72
CML-IA non-baseline,da89a79d-3438-3708-a076-018b4d588883
CML-IA non-baseline,e6b30240-9ea8-33da-a44d-1478e79bdfca
CML-IA non-baseline,ef7cfb8f-a599-3fc3-8c26-3b5fc541c0e8
CML-IA non-baseline,f033f3d7-6a95-3a72-b1b5-6cd095c39818
CML-IA non-baseline,f2b9e76a-a308-35d4-b8d2-542078927234
CML-IA non-baseline,f5ded1ca-155b-35c4-85eb-f2b88b2d72ef
CML-IA non-baseline,fdf3af6a-346a-39ad-aed7-c18fb17b10e8
CML-IA non-baseline,ffd8e137-9997-3500-829d-0407f1af292c
Crustal Scarcity Indicator,3a615a76-0ebd-43e5-970a-c68d9319d2a8
Cumulative Energy Demand,0477e7ec-5ce6-3156-b002-c764b6173224
Cumulative Energy Demand,0cc25ff8-966d-3b04-880b-1d26e469c876
Cumulative Energy Demand,14e58e12-ca7b-3fdd-a8c6-c06a42567d4c
Cumulative Energy Demand,388e9af0-004b-33fb-bf91-90dded0001cc
Cumulative Energy Demand,9ea0f2d6-0f60-3e80-b2e4-6adebe5e7803
Cumulative Energy Demand,be18d2fc-0ec1-3a93-9e92-efb4edb04adc
Cumulative Energy Demand (LHV),220081ea-e677-379e-a67f-39b5c6d5042b
Cumulative Energy Demand (LHV),580b50d7-9d76-3e8a-a787-a1d0d69a5876
Cumulative Energy Demand (LHV),72f766b9-4507-3dcd-9a53-dd2403e0e43b
Cumulative Energy Demand (LHV),85b08c25-2f1c-3215-9a7b-d756ce821dbf
Cumulative Energy Demand (LHV),9965ede2-3b74-377e-a6c8-97c150cddf81
Cumulative Energy Demand (LHV),dc1221e8-aedb-39de-b9c7-561cb1772b25
Cumulative Exergy Demand,05961986-960f-3af3-b609-2452277308f5
Cumulative Exergy Demand,4c575d90-e089-3fa4-bfc3-798849f03109
Cumulative Exergy Demand,6764d0f6-086c-3abb-b600-99fc8484bd01
Cumulative Exergy Demand,72575de8-6756-3f4b-a471-aa406b665afb
Cumulative Exergy Demand,7bf44e3a-5fa4-38b3-a7ed-f6a55bf66db6
Cumulative Exergy Demand,9a619559-e7da-3481-bb8b-1fe5b91b4a7f
Cumulative Exergy Demand,a3675079-9685-3cfb-a007-e86e8014fc29
Cumulative Exergy Demand,d7a325e6-2ca8-3199-af6b-303a969c0d55
Cumulative Exergy Demand,f8c8ff65-aea6-3649-9069-4acb7e1a7ddb
Cumulative Exergy Demand,fafa88de-03aa-3ba7-b348-ad2af241b28b
EDIP 2003,076def33-8f2d-3fbd-9c6a-1b34095eb767
EDIP 2003,1134bd92-15e1-38c1-9a0d-ee8435b5aae3
EDIP 2003,42b26d72-71ed-3c07-bb14-f7669d4e7a63
EDIP 2003,6569512a-2c54-32d1-9da9-26b79e038bda
EDIP 2003,778070b3-7669-38de-9924-4221efd7e331
EDIP 2003,7e175787-f3d3-38c1-84db-dde4a5e5063d
EDIP 2003,8ee47cbb-f517-317f-b41d-7c1d5b22a360
EDIP 2003,92c690a5-c0b5-33bd-ad53-f24ad348f569
EDIP 2003,93a66862-1283-3605-ac69-d940914bfa66
EDIP 2003,9c06cdb5-0b02-3334-8ca2-c58d1a58d5b8
EDIP 2003,a3d8efe7-0723-3d38-b61d-b203323a29a1
EDIP 2003,a4ebc45d-c11b-32ff-b2d5-56f496c8908e
EDIP 2003,aeb965a8-6d8f-3393-a3de-7d4170830685
EDIP 2003,b3d5b4e1-cf11-3960-b71f-b780295d28c6
EDIP 2003,b9609a6a-7898-360a-8615-c5e35829eb78
EDIP 2003,bafcc60b-3062-3fc4-9753-1aedf34e9513
EDIP 2003,c5c56f77-b1ad-36dd-868b-057b4d022200
EDIP 2003,e3a86bfa-e71e-389e-991b-b3289cc7c21d
EDIP 2003,f0deb3a9-1782-3e2d-9d4b-8a3ecf39835b
EF 3.0 Method (adapted),00af7673-38a0-3b59-a7ac-10fafe9b83d2
EF 3.0 Method (adapted),1783fe30-a9ed-34b5-b5f9-9acdb2fcd013
EF 3.0 Method (adapted),198c2d4f-9aca-38ed-999a-416e09370de6
EF 3.0 Method (adapted),20c5efe6-135a-30d0-b941-75f30bb1cdd8
EF 3.0 Method (adapted),241a3453-8167-35d0-a5da-d2bff22a65a6
EF 3.0 Method (adapted),248a3f3f-933e-3c45-a799-fad9f956e03c
EF 3.0 Method (adapted),2bbe3c6a-5f0d-33d5-a6b9-8501e3821746
EF 3.0 Method (adapted),2dddb0a4-2f97-3fef-a4e6-708f0b4c2554
EF 3.0 Method (adapted),2e0b3f30-541b-37c9-8cfe-071de8a46f6d
EF 3.0 Method (adapted),3bc1c67f-d3e3-3891-9fea-4512107d88ef
EF 3.0 Method (adapted),4316221b-d1ab-3b99-b816-d8ffaab7fab5
EF 3.0 Method (adapted),4eb4c81b-7cda-3264-9ad1-fa15168bdcd3
EF 3.0 Method (adapted),5067f656-f54f-3393-a55a-9c2a54444756
EF 3.0 Method (adapted),5fa27803-3370-3136-8274-8149415d2c26
EF 3.0 Method (adapted),7c535cfd-1efb-3d8c-8ed3-9732fb78dfed
EF 3.0 Method (adapted),7e5f7680-70bd-3598-8d56-e8b3185dd595
EF 3.0 Method (adapted),8dc972d8-cd5f-34c4-984b-01df508bac8b
EF 3.0 Method (adapted),95f89947-4850-31b8-9101-090cf2bf431b
EF 3.0 Method (adapted),9d1aee72-1b47-323e-afbc-827b452d4940
EF 3.0 Method (adapted),9ee5b46d-5bd1-3461-abc4-0ce9dcd85dcd
EF 3.0 Method (adapted),b3ba5fc3-5a6f-364b-b839-9ee55d418cb3
EF 3.0 Method (adapted),b4028c28-92bf-3731-af31-5005d1acea62
EF 3.0 Method (adapted),c732bdc7-4044-31ae-a670-6d9ccf4507b0
EF 3.0 Method (adapted),d955e015-db81-325e-acf4-89044bceb3e6
EF 3.0 Method (adapted),dbdd01d5-2be4-3ba4-8127-de89f065fda1
EF 3.0 Method (adapted),eb072b11-7c98-3470-a835-b428f1797461
EF 3.0 Method (adapted),f22e8177-5b42-3686-b68f-bbf1325a7e30
EF 3.0 Method (adapted),f4895d6e-c2cc-3096-bfab-197436031d1e
EF Method (adapted),1f1dd9ef-8732-33d8-8df4-ea13a31bba08
EF Method (adapted),28efd0a8-4095-31ef-9979-ad1fe406c621
EF Method (adapted),3ab8e56c-c663-3d5b-9003-b313dfa2fcdf
EF Method (adapted),51c59d8e-7e04-3aae-8f08-5cf00ef7d292
EF Method (adapted),65936eab-27c6-30d5-9c5b-253e48d00e1d
EF Method (adapted),6829b75b-fdae-32a9-a27f-2bd4834439a6
EF Method (adapted),6e8d8ecb-b76e-3e47-ac67-12362e247769
EF Method (adapted),82859ffc-c06e-3395-b93b-257878778ed4
EF Method (adapted),91ea5e59-58fd-3cbb-bf6a-26ec099a98a3
EF Method (adapted),9912f373-c6a0-3bae-aeef-d96065a676d3
EF Method (adapted),b3c4cee1-4bdf-3289-b1b1-14c48189462d
EF Method (adapted),be73c95b-2bd3-3e60-b068-636cda5b1a5f
EF Method (adapted),c0b85854-a89b-3b5f-8d2c-c8971ebc94c3
EF Method (adapted),c7247a34-7b90-3a4e-b5e5-a37663f889d5
EF Method (adapted),d01b7214-6fd9-3930-b2e2-66296bb1f17e
EF Method (adapted),da98e46f-c2ee-3283-8ce0-bce330474c96
EF Method (adapted),e079b6b3-bad8-3fa0-a9f8-43436eace726
EF Method (adapted),eb56e7b7-178d-3135-bb9b-170a706121be
EF Method (adapted),f51ef6bb-2e8c-3993-afc7-a6b7173250f2
EN 15804 +A2 Method,022b6ff1-a76f-39ff-9a1c-aced4cfa102c
EN 15804 +A2 Method,02811db7-71f5-37a5-9fbf-815d309c5a21
EN 15804 +A2 Method,1b39ccd7-a181-3c71-bd58-e2cd6d72b8de
EN 15804 +A2 Method,1cb335e6-4c41-3078-94fd-d355e3f9b5d7
EN 15804 +A2 Method,209bd9be-d5c1-317b-a79b-2a76b79e495b
EN 15804 +A2 Method,22d5afbd-bb7f-3f7c-a289-2ac0dfa57192
EN 15804 +A2 Method,2def040a-b102-3c26-a23c-4a947fe13fe9
EN 15804 +A2 Method,4469d642-487b-3cea-a527-794db494158f
EN 15804 +A2 Method,4fc54fc3-1ff3-3d5a-b43f-56a8ece7bf1d
EN 15804 +A2 Method,58c15e82-5158-36aa-82cd-8ea40cf70adf
EN 15804 +A2 Method,644c466d-d2b4-340d-ad0d-caf1b5483403
EN 15804 +A2 Method,65e09a23-0560-3eb6-94c6-29601ef9f113
EN 15804 +A2 Method,784079fd-3c9b-3b34-9232-9c188d8514f7
EN 15804 +A2 Method,82c592fe-d47c-341a-babc-53d2c3f8abf1
EN 15804 +A2 Method,83690c48-0656-34d0-ae5a-38acaed12b65
EN 15804 +A2 Method,84e26e48-bb36-3ab3-931b-879c69d52ff9
EN 15804 +A2 Method,88dc8f8b-382c-36a2-a9dd-6b2e277af68f
EN 15804 +A2 Method,8ab857d8-1ff1-30f3-bd52-f649b08509f9
EN 15804 +A2 Method,8f01f284-39bf-36e5-97ba-f2515ba820aa
EN 15804 +A2 Method,9022c69c-70a7-3d49-a988-e74a5863d183
EN 15804 +A2 Method,9e7da751-8c08-3241-85c2-cd72e4f4c373
EN 15804 +A2 Method,a44bd383-9439-39c4-bc02-301175ef11f4
EN 15804 +A2 Method,b5d45799-481a-3423-ba77-8a4549a4103e
EN 15804 +A2 Method,c531b2a4-cc36-3862-90be-1a2d968f359b
EN 15804 +A2 Method,df71c514-5c33-3d65-ab75-6f905c19bdc3
EN 15804 +A2 Method,e4c0092c-5ab4-3dc7-a219-527907e8a1ea
EN 15804 +A2 Method,e8a3e30f-1253-3ed0-a13c-6c95e18385af
EN 15804 +A2 Method,f13a4b14-199f-3be9-bda2-03543431d53f
EPD (2018),371f1238-e13c-30a5-b43c-37fb28bf4021
EPD (2018),37d08d8a-ca81-3b3e-ae69-1c4bcf4d19c4
EPD (2018),8fecafea-a852-3444-92c7-aca2caf5f2f3
EPD (2018),935d8527-1659-3dcd-8103-fa230dabcf72
EPD (2018),a06b977c-e40d-36b7-ad33-f179be03c9dd
EPD (2018),ade06603-d83a-35f1-a8a4-ae645574c89f
EPD (2018),e0e59313-6064-3370-b421-fb41f7f47928
EPD (2018),f8df2095-d8d1-3a44-b091-51588127c597
EPS 2015d,0843647b-82d2-3fcb-be84-def058363fa9
EPS 2015d,201d36cc-2ae4-3972-8bb1-4f2c71afcef4
EPS 2015d,3513b783-22f0-313f-af2c-9b9dc4c31fda
EPS 2015d,4b7b14bd-5f0b-36b8-8b8d-e6088236fd05
EPS 2015d,50e28051-854d-3e88-93b2-f3df883d558a
EPS 2015d,545d53a2-f78f-3608-840f-04458a2ecda3
EPS 2015d,58430da7-9bcd-3d93-a08e-981cd7059b08
EPS 2015d,5bdfeb34-712d-3148-a072-793b3c5f62a3
EPS 2015d,63efef47-7844-331d-9c54-e3d98adcb233
EPS 2015d,72500c2f-f2f7-3c10-8b0a-1d8a77e5f222
EPS 2015d,72ed6954-464e-3801-967a-933254e1b484
EPS 2015d,7ea22a82-e40e-3ea1-b6cc-d2aaf90be942
EPS 2015d,933e49ae-e8bd-3fd7-9182-b18700b61669
EPS 2015d,a27bbc3d-d9ae-3193-9181-7529aa2bfd8f
EPS 2015d,aab1133e-defa-3723-b758-6679659f8b3d
EPS 2015d,ae78fac9-c52d-3baf-bf10-2bdd80ab9e53
EPS 2015d,bffedafd-d35a-38c7-9c09-5673e5ad6801
EPS 2015d,c26489d8-cbb4-3944-962b-81d2aeeea488
EPS 2015d,c467bf19-5c33-3fdd-b3f7-71b7ee5b324f
EPS 2015d,ccd6f123-bb75-3b20-836b-a2bbf56fa936
EPS 2015d,d6c1cf80-59b7-31e5-98b5-2394a53bc4ae
EPS 2015d,d904c822-e067-3d6f-873a-690e36819c89
EPS 2015d,f0c636a2-336d-3e00-9cbe-0b53ec744ea7
EPS 2015d,ff32ec3a-1520-3ed2-80cc-903f71f93dab
EPS 2015dx,01db89a3-6b29-388f-bd44-65fd3dec50c8
EPS 2015dx,0fc381a9-e885-3c8d-8fa3-1ac54a8af794
EPS 2015dx,44d65efa-dc96-39a2-8c75-8f579dda372f
EPS 2015dx,4bb8f430-76e8-3598-ac85-8dec4fe035e7
EPS 2015dx,4ead84f5-bccb-3eb2-a5ac-67eb8789d12a
EPS 2015dx,53722d39-b105-3e39-b127-163d0ef1b229
EPS 2015dx,5858e6dc-0584-32b7-963d-2518c033be93
EPS 2015dx,5bd82709-84f8-3e34-a252-d524046da038
EPS 2015dx,65226290-e570-3f7f-a922-efea329c49b1
EPS 2015dx,6575f54b-f047-3270-a47d-6af859e7b7c5
EPS 2015dx,6630c690-9848-3363-9720-5978af1aa02a
EPS 2015dx,846a80c1-0019-3a35-a984-53274c4ed021
EPS 2015dx,8bcc3d7c-bba5-3f56-a216-c74e5f121031
EPS 2015dx,8e3c8bcf-f50d-3e5a-8519-8b0fd2b319d2
EPS 2015dx,92a0b5be-5f2f-3b72-a82a-d8d23f8bdd2f
EPS 2015dx,98a7f4fe-ddd1-3d74-833a-27696cdbf1cb
EPS 2015dx,b8561781-d335-39c2-ae38-e1ae1fc12e08
EPS 2015dx,ba1fc06e-8b99-33a1-81c7-cd20ea4386cb
EPS 2015dx,c53d6d32-0e8b-3a6b-9037-2bc4295ae733
EPS 2015dx,c66ff87e-6ac0-36c4-8d95-4b0c1f77bd46
EPS 2015dx,c869d3ad-8e4e-3da5-96c1-13cb5bd1d938
EPS 2015dx,e6e494ed-5f3f-3110-9bdd-88ac948b322e
EPS 2015dx,efe47670-1c7b-349c-b42b-f255c623d7f2
EPS 2015dx,ffc6b0fa-e55c-396e-ae24-595cf706949e
Ecological Scarcity 2006 (Water Scarcity),ddaee513-369c-37eb-b194-c8824e895885
Ecological Scarcity 2013,12bd1134-2219-4e53-b0c5-e3ac351b91ca
Ecological Scarcity 2013,1be091de-faf8-4dfb-8d4d-148388388aef
Ecological Scarcity 2013,267054e7-2481-45a5-9f5f-c13d2bbec44f
Ecological Scarcity 2013,32ad31ad-cf1e-46cc-8816-ef21ebb09eb3
Ecological Scarcity 2013,5bbaf8e9-413c-4833-88ac-36313353aac3
Ecological Scarcity 2013,62c8f05d-3358-4ce1-a4c1-6dcc1fc0b2fe
Ecological Scarcity 2013,6ae8ae2c-5403-4aaf-a3b2-25a9a63f1e94
Ecological Scarcity 2013,7ae7d8a6-9eab-4d0d-bd9b-5570ff7584f3
Ecological Scarcity 2013,7bdd3631-91bb-4679-9337-3320637a12df
Ecological Scarcity 2013,9201078d-0dff-4425-a961-edf322c0b381
Ecological Scarcity 2013,9390bfa5-7de3-40bb-b4a6-8ce22d706694
Ecological Scarcity 2013,956e510d-d3bf-46cd-8abc-94448a8c10d5
Ecological Scarcity 2013,9a5bf06a-26c2-4045-951a-1403c8bb6709
Ecological Scarcity 2013,a2b9e7f7-acfb-4a53-9da6-aee10bf791a4
Ecological Scarcity 2013,acb4082f-4da6-4c44-93b3-ef1d23eb54be
Ecological Scarcity 2013,c58df13a-3359-4b33-a930-e916dc9da28f
Ecological Scarcity 2013,eb29a930-a4df-4884-90f8-779d4d5a68f7
Ecological Scarcity 2013,ebf84f8d-d27e-4de6-8697-2ddc2197fe80
Ecological Scarcity 2013,eeaa62d5-9a99-43af-aa6d-3600eb7c88c9
Ecosystem Damage Potential,13ea40f6-e3c9-3ac4-aace-6e5734293396
Ecosystem Damage Potential,6c37d574-cd8a-3d54-bff8-0a728516bd1f
Environmental Prices,0f3f4d9b-3bda-3b40-bfd0-f9a6adefc2da
Environmental Prices,128cda13-4869-379e-82c7-bd14d7855318
Environmental Prices,1455af4d-a2e6-3758-a392-2f35938fbc88
Environmental Prices,148b7da4-1703-31fe-b345-3330b4a57a63
Environmental Prices,14a846e9-545f-34fc-8cc3-06fc52796a78
Environmental Prices,2528aae9-86ce-328d-ba73-63a86cf2e433
Environmental Prices,28030ee1-3c42-37a5-8150-91f4570946f3
Environmental Prices,3f1542ed-16c5-3084-9291-85fb6f09b87b
Environmental Prices,4306e027-294a-30fb-90c8-97dcf9a06d92
Environmental Prices,7412244a-6163-3919-9ea1-06d18076db43
Environmental Prices,81f80eea-a8ad-360f-ac3d-586832c5f053
Environmental Prices,ad0660c4-968e-3272-96f8-a68b41bfb5e9
Environmental Prices,ba03a5cf-c0af-3291-8621-fe53b63dce8a
Environmental Prices,ba641202-f60b-38d9-909b-fedfdc846a5d
Environmental Prices,bcf07efe-cd0f-341e-beaf-0ad65e9dcb03
Environmental Prices,dc1a8101-a0f0-3f4f-9b1a-388edda0c826
Environmental Prices,f070854d-750c-32ec-9a83-c2af398d5ac5
Environmental Prices,f26c76a9-863e-32a4-9242-c885321f9dd0
Hoekstra et al 2012 (Water Scarcity),4fbeb69c-0491-32b0-9fa8-325223125643
ILCD 2011 Midpoint+,0ce35b4d-0ee7-30fb-a3a5-32a94d223ded
ILCD 2011 Midpoint+,1811fb08-9d8a-38b3-9880-cab2ff6d1462
ILCD 2011 Midpoint+,1d5fb5db-5de3-3a87-9a8a-65ef0c905f5f
ILCD 2011 Midpoint+,2d0a4c8e-3af2-344e-a4af-6191359bd649
ILCD 2011 Midpoint+,419dc346-20f1-33cb-84f9-84fc0c19bff7
ILCD 2011 Midpoint+,6827e043-b809-3a5c-825e-7ad31ce9c7bf
ILCD 2011 Midpoint+,7292c216-0cee-3a5f-96c3-cf389ee89db5
ILCD 2011 Midpoint+,9518b4ea-d7c1-3548-a4b6-977770f0954a
ILCD 2011 Midpoint+,970632e5-0def-30ee-a6dd-a2a7026c0b7f
ILCD 2011 Midpoint+,98ef5107-1a84-34ae-88dc-0c84da5d2545
ILCD 2011 Midpoint+,9e3bd74a-7c72-3204-a5fc-7fea48270e89
ILCD 2011 Midpoint+,a18cef8f-5787-37ee-9498-53ec64aad901
ILCD 2011 Midpoint+,c8c7b326-58f6-37a3-a8d6-161575c3dfd0
ILCD 2011 Midpoint+,ced83ca3-af5a-38f0-8b59-bb7900894301
ILCD 2011 Midpoint+,d597d9bd-f306-3ad3-af11-16e6dd0ac7ec
ILCD 2011 Midpoint+,e2dedeec-7f64-31b5-b5c4-94e7553f45cc
IMPACT 2002+,2a1a7f55-c622-378e-af69-aef735cb5387
IMPACT 2002+,59238942-bccd-3388-b4ce-d275c220801e
IMPACT 2002+,693923a7-7b4e-3cef-b36c-295cf634ea31
IMPACT 2002+,982ce5be-2003-3997-a2e7-e2e252ec4abf
IMPACT 2002+,a21865c5-2fb8-3104-884e-8dcaa0f59ad2
IMPACT 2002+,a2ca4f4e-aa74-325a-b8ba-301fab152372
IMPACT 2002+,a3ba16ba-0377-3317-a297-af193740c39c
IMPACT 2002+,b566bc69-9986-3527-a5fb-40f273b18c82
IMPACT 2002+,c25c7c42-db8f-3648-b569-b46c1fc83379
IMPACT 2002+,c35a82f8-c6bc-3408-ae84-fb4323e06f23
IMPACT 2002+,d628ba11-32ba-3d61-8b4a-4f0d12388960
IMPACT 2002+,db3697b8-3ae9-3fc3-9ce9-5f3575555ef3
IMPACT 2002+,f800f493-43c1-354b-8a95-67b7e9d3301d
IMPACT 2002+,fbada988-bc86-32bb-bba2-f2650093e7c6
IMPACT 2002+,fd18f8b0-0656-33c0-956d-aeee95762653
IPCC 2013 GWP 100a,0529022f-23cd-36e5-bbba-3aff792d439c
IPCC 2013 GWP 100a (incl. CO2 uptake),4b3b85f3-7355-40a5-a24a-4801ef101d52
IPCC 2013 GWP 100a (incl. CO2 uptake),8d3b2201-014b-441e-aa10-6130d5fbe4cb
IPCC 2013 GWP 100a (incl. CO2 uptake),97589064-8680-4cbd-9270-7ad52601d1b5
IPCC 2013 GWP 100a (incl. CO2 uptake),a891234c-c5a0-454a-a6c3-c3d5054ba576
IPCC 2013 GWP 20a,0eeff8f8-0dff-3bd3-86da-24edd6e52d18
IPCC 2021 AR6,19ac7f41-0b69-4241-85b1-86d8cdfc95b4
IPCC 2021 AR6,244a08dc-ad27-4127-b2bb-626182fb6212
IPCC 2021 AR6,5a1eadc7-184f-4226-8bc0-2957edaf6789
IPCC 2021 AR6,63041159-855f-42f1-8390-4aa8c28199d4
IPCC 2021 AR6,655b5a6f-d119-4254-a4fd-f0cc544f8f3b
IPCC 2021 AR6,6bcb9c18-fa13-4bb0-a666-7226f8d5b999
IPCC 2021 AR6,9849b23e-7f82-44f8-8d46-bb3c1bb6d125
IPCC 2021 AR6,b64ae94b-d9e6-4714-bdde-fdd5e68ee791
IPCC 2021 AR6,bc7c8ee0-2de4-4d5e-93ae-f70be749eda5
IPCC 2021 AR6,c2c0d31c-394b-483a-8480-b36ac5c74517
IPCC 2021 AR6,c5900884-7523-11ec-90d6-0242ac120003
IPCC 2021 AR6,c8c0d1b6-a96f-4e28-975c-070babd44d0c
Motoshita et al 2010 (Human Health),900d021a-de62-31b6-b575-4e77d1d7d9d8
Motoshita et al 2010 (Human Health),f101d85d-333f-3afe-b4b8-2f2f06e2e1ab
Pfister et al 2009 (Eco-indicator 99),537c7e90-dc16-386d-91fc-f9119b238972
Pfister et al 2009 (Eco-indicator 99),67318ed2-fe9c-39b3-a85d-841541d09cd0
Pfister et al 2009 (Eco-indicator 99),7aa1757a-5610-379d-a591-17f610bd88a9
Pfister et al 2009 (Water Scarcity),f7329889-2466-362f-a1a8-a93c42a13895
Pfister et al 2010 (ReCiPe),2fa0ec33-2835-3490-86fb-7bf8511b3b64
Pfister et al 2010 (ReCiPe),3eaa7c63-5d41-3885-b7cd-19cfc334ee79
Pfister et al 2010 (ReCiPe),61009a43-3c77-3551-9a5b-d3371ce69c57
ReCiPe 2016 Endpoint (E),00baa376-4153-3589-bd36-29bb588c144e
ReCiPe 2016 Endpoint (E),08b6912a-f0af-39db-8873-d04d21cf6cb1
ReCiPe 2016 Endpoint (E),11920ecd-2dba-3a21-80e2-ae26a5dd0cb7
ReCiPe 2016 Endpoint (E),11be7d76-2240-380c-ad1d-b6987e10196a
ReCiPe 2016 Endpoint (E),17f6465f-8b70-3638-9bad-067659a20d82
ReCiPe 2016 Endpoint (E),1e74965a-dbc7-3474-af56-db47f6c43d33
ReCiPe 2016 Endpoint (E),28804c9a-ada9-35d2-b94a-28eb5b8b3cc5
ReCiPe 2016 Endpoint (E),2b397422-c989-34e4-93fd-43a8cb5fa91b
ReCiPe 2016 Endpoint (E),2fa55086-9380-368e-a5e1-3e6c2cf92249
ReCiPe 2016 Endpoint (E),334fe532-28e6-3961-a29f-3339a6c69cfa
ReCiPe 2016 Endpoint (E),43ed2b03-5722-34ca-bbda-03417e17a95b
ReCiPe 2016 Endpoint (E),6d8c31a0-a055-319e-85ae-72f83ff057b4
ReCiPe 2016 Endpoint (E),6f0ba6b2-3321-3625-9e9d-4a9ba487231e
ReCiPe 2016 Endpoint (E),84b46bd1-8186-30ff-8afd-011bfcc7860a
ReCiPe 2016 Endpoint (E),8e2a2bfc-ba22-3ac7-866d-6b662fb3b8d7
ReCiPe 2016 Endpoint (E),a1fa8b37-27c4-3bf8-a6d2-3922b112e987
ReCiPe 2016 Endpoint (E),b58ae860-49c5-3987-a88e-cf6bfdf2ed7a
ReCiPe 2016 Endpoint (E),b8486997-1233-3169-bea7-1d376bb6f4c6
ReCiPe 2016 Endpoint (E),be9322da-1209-3466-8bf0-e639f3d2f117
ReCiPe 2016 Endpoint (E),ca404117-c54b-31c0-bbc5-ae12da3f9d8d
ReCiPe 2016 Endpoint (E),e882c4a0-fe1b-3338-ace0-0e7e00aff951
ReCiPe 2016 Endpoint (E),ff4ca1ca-cb2e-32dc-b510-5f6b12f3d2e2
ReCiPe 2016 Endpoint (H),0097a24d-77ab-3589-be6b-2be73cfa8947
ReCiPe 2016 Endpoint (H),070a1469-e952-339b-b0e0-c1f7f31fe56b
ReCiPe 2016 Endpoint (H),0b66e474-0300-3c49-aa93-f88f26222ec3
ReCiPe 2016 Endpoint (H),0d2447fa-4c3d-35d3-b133-9da6d33f6dae
ReCiPe 2016 Endpoint (H),2b0a4828-6d95-360e-ad2a-2c2b90c05d40
ReCiPe 2016 Endpoint (H),4ffc08f3-23c1-32a2-8e43-3bc3f95f1434
ReCiPe 2016 Endpoint (H),63a32d8f-5f08-3a8e-a44a-6ae63a95ea9f
ReCiPe 2016 Endpoint (H),656f9cd8-2316-3c03-9ecb-451fe5d36f98
ReCiPe 2016 Endpoint (H),68a4e642-4b9a-35c4-95a0-89df42336ffa
ReCiPe 2016 Endpoint (H),75025f52-0ab5-3623-8dc7-4b09fa2fab38
ReCiPe 2016 Endpoint (H),766da352-c0c5-378c-9a08-af9bbb5fe0fa
ReCiPe 2016 Endpoint (H),87c323f8-110b-3e8e-bdae-ad61283728f4
ReCiPe 2016 Endpoint (H),a531306f-c0ef-3ede-8ef0-190982e8512c
ReCiPe 2016 Endpoint (H),a6371f3f-6f95-32ac-9082-b85dd201e999
ReCiPe 2016 Endpoint (H),b1dfcc48-741a-3860-a938-a2af06ec1c92
ReCiPe 2016 Endpoint (H),b5d8a3d7-1fe2-3e4b-be56-8e5aa8a81ca8
ReCiPe 2016 Endpoint (H),b75d0d88-1e43-372d-8502-996702b7f7d9
ReCiPe 2016 Endpoint (H),bea0b2b0-4fc1-310b-8a6f-60ad1c11694f
ReCiPe 2016 Endpoint (H),ccb7945c-5f4c-3a19-870b-111c0d19c19e
ReCiPe 2016 Endpoint (H),cd715643-4319-331d-976d-30ba56854475
ReCiPe 2016 Endpoint (H),e971652b-97fa-3c7b-9a74-6e6bc4b90d8f
ReCiPe 2016 Endpoint (H),eb55767b-3579-3f38-b4ca-dce1f2d1bbbc
ReCiPe 2016 Endpoint (I),16506dc7-b148-38fd-b429-80a3861c1d41
ReCiPe 2016 Endpoint (I),22bc08e2-682d-3956-a26b-196eb9453ccd
ReCiPe 2016 Endpoint (I),2bb35182-4366-32a0-a014-bb8bb6204fb0
ReCiPe 2016 Endpoint (I),31417d6e-6814-3727-89a7-1d90c1d92cb1
ReCiPe 2016 Endpoint (I),3a25e137-74d7-3d34-a8aa-ddf502b2c335
ReCiPe 2016 Endpoint (I),458cd96e-2bf1-3c52-bca6-852e1328c9c1
ReCiPe 2016 Endpoint (I),49502cb8-5949-3f27-9ce8-ac89cd26a64d
ReCiPe 2016 Endpoint (I),4c6159c5-1d29-37ea-9570-b5baff3504b3
ReCiPe 2016 Endpoint (I),4e9850d3-3a6c-39b8-a23d-c9cafdcef6b3
ReCiPe 2016 Endpoint (I),55369ffb-9f68-3c0c-be21-3c8db81ee6a4
ReCiPe 2016 Endpoint (I),5b89d9b4-355a-3dc2-8b2f-339f1274d6c2
ReCiPe 2016 Endpoint (I),7496c2e2-6745-3dd7-a343-1059faf00363
ReCiPe 2016 Endpoint (I),8a45ec86-3e40-3d0c-8d06-47b6f7769b23
ReCiPe 2016 Endpoint (I),90043fa9-7edd-31e2-b381-334708da0db8
ReCiPe 2016 Endpoint (I),9dbf2441-a7f5-31c1-ae94-d73ae41c59d2
ReCiPe 2016 Endpoint (I),b07cee36-8f7d-3ebe-abd9-ac304a4d64cf
ReCiPe 2016 Endpoint (I),ca2be82b-0f72-3ee3-980a-4d49a7797685
ReCiPe 2016 Endpoint (I),d19f3d69-acb9-3952-9915-ab0a8a2384d6
ReCiPe 2016 Endpoint (I),d551488d-7f48-3ea9-9d78-794721d31cc2
ReCiPe 2016 Endpoint (I),ed70124a-3e63-30ae-bfa5-686aa5c9d2ab
ReCiPe 2016 Endpoint (I),f3138c2e-ea9c-305a-adf6-65e692e5b761
ReCiPe 2016 Endpoint (I),fa1a31a6-ae44-3594-a721-323d2cf4a989
ReCiPe 2016 Midpoint (E),05927852-a35a-39d4-a571-7cb54660a561
ReCiPe 2016 Midpoint (E),2ff035a8-ca2a-30e9-a0de-79673c497d94
ReCiPe 2016 Midpoint (E),3b69b396-7853-3de1-9576-87c3abe73c01
ReCiPe 2016 Midpoint (E),43b885c7-b250-3002-ac15-4991d8759476
ReCiPe 2016 Midpoint (E),55a4d003-bb2a-3326-b6c1-d6a964f1a8d6
ReCiPe 2016 Midpoint (E),55b7910a-049d-379b-891d-74e9480caaf2
ReCiPe 2016 Midpoint (E),598ce7c8-10d1-309e-b263-95ffef404b2b
ReCiPe 2016 Midpoint (E),651f27b9-2b47-3913-b3a6-e63871db2475
ReCiPe 2016 Midpoint (E),68ec1c72-51fd-38ab-aa08-b6363bfa8577
ReCiPe 2016 Midpoint (E),789727be-7d63-346b-9ba5-a25a2e63c3f4
ReCiPe 2016 Midpoint (E),893e5826-ce1e-3e91-900c-b5dcc996cba4
ReCiPe 2016 Midpoint (E),a803fc09-27ec-32eb-95ac-2bc21b70ca0b
ReCiPe 2016 Midpoint (E),ae586774-245d-3dd9-a54b-65ecfad0e2b0
ReCiPe 2016 Midpoint (E),be3012f8-4350-37a4-a95f-74bf58f9223a
ReCiPe 2016 Midpoint (E),bed89320-330c-357e-95bf-7feacbb2f0a0
ReCiPe 2016 Midpoint (E),c6b2384c-5945-3390-8280-f7b0a6645685
ReCiPe 2016 Midpoint (E),dab0053c-59b2-388d-bfed-7a69c23df7a4
ReCiPe 2016 Midpoint (E),dae2ac1f-9006-3a32-b4f7-be0fd366d4a0
ReCiPe 2016 Midpoint (H),09a73c78-b3ba-3369-81ba-cf1bb9f0f54d
ReCiPe 2016 Midpoint (H),0d4ca54a-eeea-3564-93a5-03906d763cdb
ReCiPe 2016 Midpoint (H),23d3e9af-9a16-31f1-a58d-81ecea82ac0a
ReCiPe 2016 Midpoint (H),2d8e76c1-c7a5-3289-9657-0256edbeea41
ReCiPe 2016 Midpoint (H),5e7d91a6-531c-3132-98ba-41b48d6e96f3
ReCiPe 2016 Midpoint (H),6d056b44-9f90-3821-95c5-8594b5a6819c
ReCiPe 2016 Midpoint (H),7f771819-2b75-30a4-b1d2-9a5846590d6d
ReCiPe 2016 Midpoint (H),80e0b1a4-16b9-3aeb-9136-e544aca7a1e3
ReCiPe 2016 Midpoint (H),95d88b64-0767-321b-8f02-9e3e7c65a527
ReCiPe 2016 Midpoint (H),b39a745e-4f3d-35b0-9797-10ebc40b24ad
ReCiPe 2016 Midpoint (H),b4315ae1-5cb2-3f70-ad17-1a35a58823ef
ReCiPe 2016 Midpoint (H),d7bce000-07a4-37d7-9cb6-0d11062b6baa
ReCiPe 2016 Midpoint (H),d9ff50c2-00ab-3901-8970-569f9b7c8041
ReCiPe 2016 Midpoint (H),e2b13de9-397c-3b6f-9dcf-4e206404db3b
ReCiPe 2016 Midpoint (H),e84559f5-8f11-36cb-b978-a41f0ef9780c
ReCiPe 2016 Midpoint (H),f7c097c5-71c7-322c-a610-5dee0a39fd6b
ReCiPe 2016 Midpoint (H),f93a8dda-aa59-3e8c-9344-1e0f6e4db224
ReCiPe 2016 Midpoint (H),f9e7dd9d-f3a3-318e-b458-6452fbdcbd8f
ReCiPe 2016 Midpoint (I),11501fc5-8cdc-3ddf-93b7-d4eb0b698573
ReCiPe 2016 Midpoint (I),298b3635-3751-3bad-a244-d5481ce7d846
ReCiPe 2016 Midpoint (I),420385cf-51b6-3c13-b49e-3e73cf1a4270
ReCiPe 2016 Midpoint (I),44e30d3f-88ad-302f-9d1a-5d8f6a1aec43
ReCiPe 2016 Midpoint (I),45bb7716-5b68-3a4e-98dc-d72fb3f69374
ReCiPe 2016 Midpoint (I),4953b17e-cfab-3517-8def-973f1fe78a6a
ReCiPe 2016 Midpoint (I),54488a87-e760-3949-8caa-7a7d4932859c
ReCiPe 2016 Midpoint (I),65319d8e-fcc7-362f-a48d-3ed9d7d87415
ReCiPe 2016 Midpoint (I),6e8d1e83-f29c-34c3-afe7-aaf5502d24d8
ReCiPe 2016 Midpoint (I),7b726a04-31ce-3643-8612-ab1ec45857bc
ReCiPe 2016 Midpoint (I),7f6e3a8f-d3ac-30cf-b306-88ef90e15fb7
ReCiPe 2016 Midpoint (I),a877666e-fee7-3155-8e63-0b265fb45a51
ReCiPe 2016 Midpoint (I),bf5eb3e6-cc23-3871-b9cb-0bb7c4a971c0
ReCiPe 2016 Midpoint (I),c23a169a-f3a3-362c-a869-7f6a63b3cc1e
ReCiPe 2016 Midpoint (I),d345ae02-543a-3bed-bf43-e2f1c52a2163
ReCiPe 2016 Midpoint (I),dafb72f8-08aa-3b20-95aa-86c866dc4c5f
ReCiPe 2016 Midpoint (I),e6a5f291-2ab1-3bdd-9eab-1347a213614c
ReCiPe 2016 Midpoint (I),fa2f053a-56c4-388c-8784-e5ef5ce142df
Selected LCI results,126b2e4c-9b2e-32d9-ab51-dad8ae2a042f
Selected LCI results,1c53472d-b8a1-36a1-aedb-a0d658a5e0d5
Selected LCI results,362e8400-55b5-392e-9d14-e346b739e550
Selected LCI results,49247748-b258-31d1-8b4c-51c51b07a466
Selected LCI results,74b214d7-8f90-3ffe-a5e0-3d5533899592
Selected LCI results,8b86e077-2b02-3375-9bf5-12d59e8914d1
Selected LCI results,be35f2f6-399f-3b5a-b7c5-efd23a90d10c
Selected LCI results,eeb979c2-c5a2-3791-8fa7-8957d6cb5eb7
"Selected LCI results, additional",143e71a6-7c8b-352e-a1dd-09bf34b4677b
"Selected LCI results, additional",1ec8999c-2051-38c1-a330-fd88616367c6
"Selected LCI results, additional",45984c77-24b7-387d-ad6c-b6b09e1d8e54
"Selected LCI results, additional",48a7333a-83da-3c92-8d14-185b6fb4dfda
"Selected LCI results, additional",5004a96f-e8b4-36e9-8910-1211345a0459
"Selected LCI results, additional",54916ea6-82c2-3e51-9fe3-e93653143b35
"Selected LCI results, additional",6d496006-362c-30fe-a634-ab12a3ceb382
"Selected LCI results, additional",7665a933-8843-3db4-8769-1738094a96f5
"Selected LCI results, additional",87337a71-8da4-3994-aad9-ba1e0b623139
"Selected LCI results, additional",a4e95db3-9fb4-3b32-8f1c-2872ac621b25
"Selected LCI results, additional",a7bc896a-34da-3b02-a648-6a8da0a40d8e
"Selected LCI results, additional",acd3a04f-8111-33b9-8cdf-a624c08b1ae4
"Selected LCI results, additional",b1026e51-b6ee-3938-b418-c3d6f6f39fdc
"Selected LCI results, additional",b9260378-00a5-30c5-b825-606840290b3d
"Selected LCI results, additional",b9f7e6a3-7bc4-3f9d-ab36-77c1e0c2a0c6
"Selected LCI results, additional",d2d8488b-475f-3d15-88dc-b2b1c286b584
"Selected LCI results, additional",d5a92468-c5f0-3d66-9a90-3eb5597e53c5
"Selected LCI results, additional",d910414f-6990-3967-bce6-02228c105135
"Selected LCI results, additional",d9a858ea-4a6d-3645-9b16-216e70617c54
"Selected LCI results, additional",e97d553f-37e5-3287-9ef0-42ecc9356d0f
"Selected LCI results, additional",f8dcd63c-cb6b-319d-8860-c81b6b969b46
TRACI 2.1,0e45786f-67fa-3b8a-b8a3-73a7c316434c
TRACI 2.1,31967441-d687-313d-9910-13da3a584ab7
TRACI 2.1,338e9370-ceb0-3d18-9d87-5f91feb7829c
TRACI 2.1,45b8cd56-498a-3c6f-9488-134e951d8c02
TRACI 2.1,6c05dad1-6661-35f2-82aa-6e8e6a498aec
TRACI 2.1,75d0c8a2-e466-3bd7-813b-5beef2209330
TRACI 2.1,7a149078-e2fd-3e07-a5a3-79035c60e7c3
TRACI 2.1,a6e5e5d8-a1e5-3c77-8170-586c4fe37514
TRACI 2.1,d4827ae3-c873-3ea4-85fb-860b7f3f2dee
TRACI 2.1,e0916d62-7fbd-3d0a-a4a5-52659b0ac9c1
USEtox 2 (recommended + interim),403b1653-6361-34aa-bb11-326308519db4
USEtox 2 (recommended + interim),a7ebc3cf-c3c2-3eaa-bd39-68972780012e
USEtox 2 (recommended + interim),d142afdf-e16e-354a-87bc-792b3f35e3d3
USEtox 2 (recommended only),31cff242-1ca3-32f8-943c-e54a8bf4282d
USEtox 2 (recommended only),9ed07403-497a-3441-9a5a-e606fb90f9c7
USEtox 2 (recommended only),e5958698-64cd-3f40-b58e-7a0d2d91f37e
